,Strain 1,Strain 2,Initial divergence,Alignment size,Genome 1 size,Genome 2 size,Observed SSD,SSD 95 CI low,SSD 95 CI high
0,TOBG_RS-817.fna,TOBG_ARS-123.fna,0.01659928375306796,1455364,1985135,1860870,39.9564611052608,35.127512748935736,45.064170361416494
1,TOBG_IN-1213.fna,TOBG_ARS-123.fna,0.030860781292358863,1423846,1920553,1860870,14.079822981558392,11.982725190662467,16.161413792103986
2,TOBG_EAC-65.fna,TOBG_ARS-123.fna,0.034812260710360546,1497662,2147286,1860870,6.81205076909883,5.495493191293493,8.38190527012247
3,TOBG_SP-259.fna,TOBG_ARS-115.fna,0.017887597173645232,1765525,2338586,2466433,52.19847981640892,42.17819193910124,67.47267599551098
4,TOBG_SAT-195.fna,TOBG_ARS-13.fna,0.0002604517517630753,3332671,3385183,3792666,1073.6146815040784,259.36724666588015,2793.1188383856265
5,TOBG_CPC-14.fna,TOBG_ARS-115.fna,0.10704209832505683,1488349,2765177,2466433,5.973096557909129,4.7850135229374535,8.901298594733248
6,TOBG_EAC-45.fna,TOBG_ARS-18.fna,0.010255010527957575,3231396,4388938,3711261,2221.030050707773,1803.1428807943867,2740.9479132160336
7,TOBG_SAT-101.fna,TOBG_ARS-18.fna,0.012621980216548933,3120588,4047777,3711261,1690.2608380788186,1386.359558742315,2065.6488254136266
8,TOBG_SP-45.fna,TOBG_ARS-18.fna,0.13327893018848058,1405556,3674042,3711261,0.5755584651314435,0.4878834378930348,0.6490916067320771
9,TOBG_NP-34.fna,TOBG_ARS-3.fna,0.08421042809689099,214344,5489861,4499202,676.3583402795284,115.4568155008367,1796.3122283967539
10,TOBG_MED-599.fna,TOBG_ARS-28.fna,0.07542130714548832,3189775,4811953,4406224,0.4125206978469456,0.355474676653348,0.48299901794886974
11,TOBG_IN-43.fna,TOBG_ARS-30.fna,0.023782855235028353,1485608,1937213,1842633,79.57455546143007,65.18945322144369,95.89119730186324
12,TOBG_NAT-79.fna,TOBG_ARS-28.fna,0.07442028642446653,3147287,4242771,4406224,0.46130415747368747,0.383107096545836,0.5387657963035825
13,TOBG_NP-60.fna,TOBG_ARS-28.fna,0.0703443686632022,3477407,5814405,4406224,0.7573170961197689,0.6559551647099261,0.8788214086475233
14,TOBG_MED-637.fna,TOBG_ARS-30.fna,0.08402107977278626,1379142,2045228,1842633,0.13618677191357503,0.1097295399194834,0.1657649477275565
15,TOBG_RS-404.fna,TOBG_ARS-30.fna,0.04144582800021699,1364118,1742913,1842633,2.838346895053765,2.24964004810795,3.434478610028336
16,TOBG_NP-52.fna,TOBG_ARS-30.fna,0.08362706585089326,1392707,1965511,1842633,0.1278005593237705,0.10096275984334395,0.1641731155846324
17,TOBG_SAT-10.fna,TOBG_ARS-28.fna,0.07498476831615669,3297403,4732202,4406224,0.4237127486080165,0.3588411043780439,0.503923278644542
18,TOBG_CPC-82.fna,TOBG_ARS-40.fna,0.02694139107532567,3489315,3778117,3949698,50.09327004250752,44.63374099381847,55.49668183335381
19,TOBG_SP-145.fna,TOBG_ARS-40.fna,0.06043833006685251,2884858,3353936,3949698,0.6059403401952854,0.5435213034594674,0.6653401484467986
20,TOBG_MED-659.fna,TOBG_ARS-40.fna,0.06050789183076592,3544298,4226476,3949698,0.5372689946191138,0.482675496139461,0.5921908956551306
21,TOBG_EAC-24.fna,TOBG_ARS-42.fna,0.009148184006645875,1978972,2307206,2344814,41.44940111906533,34.10653976062806,51.398243108364305
22,TOBG_IN-1077.fna,TOBG_ARS-42.fna,0.002584165631738673,1664367,1935680,2344814,139.54666526887354,95.33652393877273,184.01445922190504
23,TOBG_NP-58.fna,TOBG_ARS-40.fna,0.14866224425807884,2406381,3675190,3949698,0.1502022798414122,0.13920866063308213,0.16327143218712636
24,TOBG_SP-348.fna,TOBG_ARS-42.fna,0.016960950818721177,1861806,2222761,2344814,11.723839757797668,9.532610819848667,13.69898696629049
25,TOBG_NP-54.fna,TOBG_ARS-46.fna,0.07062483917000023,213735,2380199,2797022,5.733430706145652,4.286573244776095,7.782456508464093
26,TOBG_SP-114.fna,TOBG_ARS-40.fna,0.13198615109273956,2789823,3632077,3949698,0.28498292361751515,0.2559928987483821,0.32614926179698395
27,TOBG_RS-391.fna,TOBG_ARS-42.fna,0.12472678702709888,1715237,2079132,2344814,0.12611600190191946,0.10584070571674328,0.16090397201971024
28,TOBG_SP-52.fna,TOBG_ARS-40.fna,0.14218224109995664,2755745,3645475,3949698,0.1223042486073508,0.10618154466136895,0.14907291499352268
29,TOBG_SAT-198.fna,TOBG_ARS-5.fna,0.15869812521289792,155591,3849940,5608188,0.7339898836562907,0.08055173810646929,8.117393951420905
30,TOBG_MED-803.fna,TOBG_ARS-59.fna,0.05672573700371952,1756945,2200859,2557521,1.019023082728062,0.898401593899276,1.1215705747796347
31,TOBG_SP-156.fna,TOBG_ARS-59.fna,0.04083255044301911,2083093,2602685,2557521,1.1255135473978237,0.9513930907373153,1.2980462430299953
32,TOBG_EAC-98.fna,TOBG_ARS-62.fna,0.00028656994668539346,2857941,4023093,3172120,91.0268870010617,7.968002369513427,318.7385877002678
33,TOBG_SP-284.fna,TOBG_ARS-70.fna,0.015847222739940145,1582801,1777664,3078773,30.782393493313794,26.347224796643214,36.045412067151126
34,TOBG_NAT-575.fna,TOBG_ARS-70.fna,0.1635512677769998,696968,2095193,3078773,0.06461979264699852,0.05868904597606666,0.07068199657165408
35,TOBG_MED-621.fna,TOBG_ARS-86.fna,0.17149404799796295,408434,2236066,2099918,0.09959703325302723,0.08923811930697353,0.10952404370762055
36,TOBG_SAT-175.fna,TOBG_ARS-86.fna,0.17413965287244046,274366,2007282,2099918,0.15117828134809444,0.12372826462935406,0.1974211886253772
37,TOBG_NAT-187.fna,TOBG_ARS-86.fna,0.17104369267079333,369467,2450038,2099918,0.10525375519762992,0.09364829801960711,0.11682043151446476
38,TOBG_SAT-103.fna,TOBG_ARS-86.fna,0.03178778691628265,1552892,1803236,2099918,2.472237273435786,2.1463940245270905,2.840471272301831
39,TOBG_EAC-41.fna,TOBG_CPC-11.fna,0.12730176223839137,889210,4077124,3618159,0.8943679204820101,0.31918944446797476,5.158505723306046
40,TOBG_NAT-75.fna,TOBG_CPC-11.fna,0.022981571508390305,2895842,3443367,3618159,50.35051525962901,40.94076304597426,61.46113057231635
41,TOBG_NP-12.fna,TOBG_CPC-11.fna,0.12039367818010643,898602,3934693,3618159,6.223214364464224,2.0523217401143583,18.885570346413814
42,TOBG_SP-64.fna,TOBG_CPC-11.fna,0.04194170547463338,2749006,3563167,3618159,12.133199792007696,9.373425890098831,17.66737556083744
43,TOBG_NP-9.fna,TOBG_CPC-12.fna,0.006178690068201765,3878492,4089862,4461979,13922.77989352013,9888.577710369911,19974.047572439533
44,TOBG_SP-32.fna,TOBG_CPC-11.fna,0.11849698322490211,1050128,4535791,3618159,5.523470765671582,3.014259781703096,11.037123594326053
45,TOBG_SAT-31.fna,TOBG_CPC-12.fna,0.006504967956063476,3992487,4069214,4461979,17453.53306070315,11854.916198702458,23125.565846037647
46,TOBG_SP-259.fna,TOBG_CPC-14.fna,0.10948786514172007,1692562,2338586,2765177,5.383613401701037,4.313077251706043,6.47087791977881
47,TOBG_SP-180.fna,TOBG_CPC-12.fna,0.1586257944639322,1842752,3734379,4461979,0.182322824607762,0.14198357962123567,0.2967311247989141
48,TOBG_CPC-6.fna,TOBG_CPC-13.fna,0.13109926960739002,2401722,4062975,5031000,0.5307204889264712,0.45821902110183865,0.6397808980976362
49,TOBG_SAT-57.fna,TOBG_CPC-19.fna,0.000250558824677562,4713464,4960393,6558740,25.999588784767564,6.869398016946265,96.4955924494805
50,TOBG_SP-182.fna,TOBG_CPC-17.fna,0.14768261953876563,1855716,5656820,4947698,1.147805795798177,0.9889885578960426,1.3672446011219175
51,TOBG_SAT-97.fna,TOBG_CPC-2.fna,0.1517443628161525,1131416,4250142,4982846,0.8994844098255607,0.19477529802633184,3.418738588075384
52,TOBG_SP-126.fna,TOBG_CPC-19.fna,0.1428585452227408,1629899,5385524,6558740,0.14206442777275338,0.11516586384858159,0.1866664124555872
53,TOBG_EAC-102.fna,TOBG_CPC-28.fna,0.12326606543454523,1335258,3184730,4126914,3.098386136209956,1.6220663482617925,7.200191246043597
54,TOBG_IN-9.fna,TOBG_CPC-28.fna,0.12694638077137516,1298564,3250345,4126914,3.1749650312919773,1.4631692730684822,6.888151098744615
55,TOBG_EAC-87.fna,TOBG_CPC-21.fna,0.035253904015575724,4239417,5569343,6500284,5.595910415625076,5.146953706884061,6.070619493077238
56,TOBG_NP-151.fna,TOBG_CPC-28.fna,0.0955735427405611,2000313,2462997,4126914,0.8001380984813865,0.6225057809706505,1.6043789456821993
57,TOBG_SP-16.fna,TOBG_CPC-21.fna,0.00026373259923533396,6309421,6637452,6500284,4.690364756005024,2.4208265977392047,38.423095892828854
58,TOBG_NAT-64.fna,TOBG_CPC-28.fna,0.09511604746238432,3011311,4245982,4126914,1.0006721451725367,0.7130276798033428,1.8486750807484107
59,TOBG_EAC-77.fna,TOBG_CPC-32.fna,0.16173677681290177,221675,3422461,3420632,0.0536557627844041,0.044663480048903685,0.06662433808270682
60,TOBG_NAT-170.fna,TOBG_CPC-32.fna,0.14288614538364597,261061,3856903,3420632,4.919502259110892,1.440229910773318,14.55558888465879
61,TOBG_SAT-1.fna,TOBG_CPC-28.fna,0.09808416925005206,2545110,3229293,4126914,0.6383655501976168,0.5687414692155235,0.724826985862346
62,TOBG_EAC-37.fna,TOBG_CPC-327.fna,0.0073385566489941306,2757763,3728455,3226856,105.88632675750556,80.50694703905327,132.20860997341467
63,TOBG_NP-15.fna,TOBG_CPC-327.fna,0.0075905823635011764,2498886,3835883,3226856,276.63850442936416,181.432798056877,415.2580175628531
64,TOBG_EAC-55.fna,TOBG_CPC-33.fna,0.02482315258112345,1767060,2890195,2058035,54.487529982820945,46.66448301182593,63.12804747559422
65,TOBG_NP-8.fna,TOBG_CPC-33.fna,0.01645373752018793,1743616,2606639,2058035,56.05936945385989,47.09899069785071,64.32992776298757
66,TOBG_CPC-80.fna,TOBG_CPC-33.fna,0.15399464443429575,994106,2153521,2058035,0.4443663533411526,0.3827164938801067,0.5299195483904094
67,TOBG_SAT-134.fna,TOBG_CPC-33.fna,0.011392101468380104,1680287,2301888,2058035,160.7805017517145,112.22150993306047,232.76261626067893
68,TOBG_SP-350.fna,TOBG_CPC-33.fna,0.003194782124107629,1988242,2653514,2058035,1000.8119912691063,779.4752607610645,1274.7074800040084
69,TOBG_SP-93.fna,TOBG_CPC-33.fna,0.02370175011108404,1744175,2739896,2058035,56.747106773337705,47.96273148893135,65.31249040573942
70,TOBG_CPC-5.fna,TOBG_CPC-34.fna,0.012898752120169684,2512181,3343779,3128815,166.73137917337945,112.43559327001073,285.8905066698109
71,TOBG_EAC-5.fna,TOBG_CPC-34.fna,0.012822716694546434,2530509,3240288,3128815,174.17235858437172,110.81803031428534,275.6728499357635
72,TOBG_NP-127.fna,TOBG_CPC-34.fna,0.012335121049700032,2461427,3428059,3128815,167.32923380136955,117.41339849330552,275.17138122761776
73,TOBG_SP-63.fna,TOBG_CPC-34.fna,8.919411517838645e-05,2814087,3474921,3128815,1994.7088310107645,230.70265311095952,4998.383027324323
74,TOBG_NAT-16.fna,TOBG_CPC-39.fna,0.000756322439193918,2497612,3518857,3018114,1486.3038570911147,1202.364503409224,1942.0605381068158
75,TOBG_SAT-87.fna,TOBG_CPC-31.fna,0.13749099112630597,4027973,7896062,7060560,0.14177768820192405,0.12799809944098203,0.16380335773982257
76,TOBG_SP-20.fna,TOBG_CPC-39.fna,0.008038376816071707,2615329,3673197,3018114,1323.241337454908,1004.8588185172766,1647.9291293560043
77,TOBG_SP-31.fna,TOBG_CPC-41.fna,7.937695507973669e-05,2960557,3173152,3448277,73.6841336517055,35.1101871737825,775.826002936635
78,TOBG_EAC-1.fna,TOBG_CPC-47.fna,0.1658136214866397,435694,2456834,2113371,0.13251242098258373,0.07955799950002172,0.33304125835580944
79,TOBG_SAT-194.fna,TOBG_CPC-46.fna,0.0007101483048588613,2626212,3347836,2968318,824.5856343467875,571.1745306033326,1050.3771829994212
80,TOBG_SP-73.fna,TOBG_CPC-46.fna,0.0009680228180534578,2682788,3401106,2968318,784.839693160529,600.3502896621897,1036.3782063964934
81,TOBG_IN-19.fna,TOBG_CPC-43.fna,0.15356438490829252,980618,4539979,4682359,0.09511800589412583,0.08345060424136494,0.10888469597129095
82,TOBG_SP-131.fna,TOBG_CPC-43.fna,0.1570308804317721,815986,4238835,4682359,0.08228032199689024,0.07448427086251098,0.09469051717570373
83,TOBG_EAC-97.fna,TOBG_CPC-47.fna,0.01567252335433413,1472960,2112212,2113371,12.913551319402702,10.577607829450974,15.735753025088112
84,TOBG_NAT-60.fna,TOBG_CPC-47.fna,0.15088148257667872,453157,2558605,2113371,14.24552790701693,2.175908283041902,58.1914771104418
85,TOBG_RS-397.fna,TOBG_CPC-47.fna,0.015967861426656318,1587376,2309437,2113371,15.89004784459896,12.960764786902935,19.52597277448819
86,TOBG_SAT-28.fna,TOBG_CPC-43.fna,0.08778647328335025,3196415,4625496,4682359,6.3225998815693725,1.8731501088729323,42.746846135597096
87,TOBG_SP-246.fna,TOBG_CPC-47.fna,0.15772372673749957,641698,2948989,2113371,0.10398054235313149,0.07727904457486472,0.16622773070916133
88,TOBG_EAC-5.fna,TOBG_CPC-5.fna,0.0001314113936242397,3119973,3240288,3343779,31982.1775391117,16280.621333962239,49993.241340147295
89,TOBG_NP-127.fna,TOBG_CPC-5.fna,0.0025604694437265678,3014291,3428059,3343779,4468.359806314823,3156.5534196903523,5650.651380793849
90,TOBG_SP-63.fna,TOBG_CPC-5.fna,0.01243394456207879,2908731,3474921,3343779,205.62403452091192,122.79509734302559,349.5121329602672
91,TOBG_MED-655.fna,TOBG_CPC-50.fna,0.12790738709078095,1926902,3265334,3119870,0.16714811580598612,0.14366399773668412,0.1869777121956752
92,TOBG_NP-955.fna,TOBG_CPC-53.fna,0.0062218221301170605,2963762,3919939,3638156,51.93982462285673,44.413764467692,59.22024069063809
93,TOBG_NAT-181.fna,TOBG_CPC-50.fna,0.12959347052454143,1798123,2975687,3119870,0.1369954275161188,0.12204969828957757,0.15541135846780058
94,TOBG_SP-35.fna,TOBG_CPC-53.fna,0.0068722636682604634,2668262,3616561,3638156,44.183285256496475,37.748119904972874,50.826228106892955
95,TOBG_NP-75.fna,TOBG_CPC-52.fna,0.10602569558391396,2427421,3528229,3486621,0.39564793563680917,0.3397436035971305,0.46106683417616234
96,TOBG_EAC-31.fna,TOBG_CPC-67.fna,0.015611904866928386,1995016,2300656,3073893,163.76390860995116,143.1691719570293,193.22596549553882
97,TOBG_MED-745.fna,TOBG_CPC-61.fna,0.1219819291722788,1821942,3122797,3163279,0.08572209544503608,0.07463353320859654,0.09875528749706071
98,TOBG_NP-95.fna,TOBG_CPC-62.fna,0.022848064476201368,3191255,4499712,3794800,7.390754195962661,6.555181489939457,8.482818572592896
99,TOBG_SAT-106.fna,TOBG_CPC-67.fna,0.00013900093080980452,2820125,3264734,3073893,76.19665206506932,33.39266262496087,427.40232830078185
100,TOBG_CPC-70.fna,TOBG_CPC-67.fna,0.13812903279108388,1573507,3401895,3073893,0.8007906197295808,0.6783429913619449,0.9139179158662696
101,TOBG_NP-91.fna,TOBG_CPC-67.fna,0.13796540892515552,1361276,2864318,3073893,0.844933800020507,0.7167285827162299,0.9882425077743799
102,TOBG_SP-37.fna,TOBG_CPC-69.fna,7.685674795863625e-05,3916377,4100193,4462782,368.22103940357863,53.10323715974752,1729.7996154170257
103,TOBG_SP-75.fna,TOBG_CPC-67.fna,0.15645836675758062,1246600,2802668,3073893,0.13366932594962025,0.12485175320120424,0.145039450130895
104,TOBG_IN-11.fna,TOBG_CPC-7.fna,0.011318383342569868,3031440,5809545,3563707,40.38731627991209,36.13240581920195,46.26154763269309
105,TOBG_SAT-74.fna,TOBG_CPC-7.fna,0.011304849966635966,2672039,2965195,3563707,48.03542875616005,40.61572796776134,56.108472462990996
106,TOBG_MED-702.fna,TOBG_CPC-7.fna,0.16651061323243582,1042378,3141579,3563707,0.14043581754346843,0.1282537771125105,0.15704671214736124
107,TOBG_NP-91.fna,TOBG_CPC-70.fna,2.4032035812909492e-05,2704723,2864318,3401895,1820.8300559032682,358.0597155176188,13671.238252278688
108,TOBG_EAC-62.fna,TOBG_CPC-79.fna,0.06555638060888937,103697,3895818,4078500,152.99138092105352,49.49538301292328,380.98353528145975
109,TOBG_EAC-31.fna,TOBG_CPC-70.fna,0.14493889341769858,1236528,2300656,3401895,0.568684403184712,0.4624140296516599,0.6792905237857653
110,TOBG_IN-10.fna,TOBG_CPC-79.fna,0.06505888951205833,112329,3953385,4078500,157.58670750915684,46.684170630498045,393.5713606345228
111,TOBG_SAT-117.fna,TOBG_CPC-79.fna,0.06465603280889905,110214,3958712,4078500,163.19622473994494,59.08821199368304,418.2509619190049
112,TOBG_SAT-106.fna,TOBG_CPC-70.fna,0.13500501379924026,1771112,3264734,3401895,1.3311580801094167,1.0310809330041826,2.1389610714701646
113,TOBG_SP-75.fna,TOBG_CPC-70.fna,0.11980581988137341,1991965,2802668,3401895,0.41882568997401776,0.33474742448504397,0.5130267254717326
114,TOBG_SP-269.fna,TOBG_CPC-8.fna,0.025162226430327773,2692687,3110986,4656670,98.21144436649705,72.30494734003557,132.07269202687382
115,TOBG_NP-96.fna,TOBG_CPC-8.fna,0.06924584202524554,2527733,3358496,4656670,11.877650223783945,5.951916659913757,27.62857575226088
116,TOBG_EAC-55.fna,TOBG_CPC-80.fna,0.15343098865403088,1296055,2890195,2153521,0.464526021697317,0.4014810210228113,0.5326025262597738
117,TOBG_NP-8.fna,TOBG_CPC-80.fna,0.15362697442099899,1261699,2606639,2153521,0.43919939232388133,0.3702312780177657,0.5158087168293433
118,TOBG_SAT-134.fna,TOBG_CPC-80.fna,0.15698285686060748,1133748,2301888,2153521,0.36855390990619963,0.3230562076442437,0.424084537731268
119,TOBG_SAT-1611.fna,TOBG_CPC-81.fna,0.008351428288673237,1717790,2084816,2579736,256.6357253916193,216.73714432427641,302.0578232581421
120,TOBG_NP-140.fna,TOBG_CPC-81.fna,0.008687035400227788,2148489,3160351,2579736,404.22687683775666,341.5948674634485,483.7886069436424
121,TOBG_SP-350.fna,TOBG_CPC-80.fna,0.15484718424951505,1309420,2653514,2153521,0.4416893664303633,0.3862197713054013,0.5288335701736836
122,TOBG_SP-93.fna,TOBG_CPC-80.fna,0.15466428349393846,1286800,2739896,2153521,0.42465925969017854,0.3751534044508099,0.4903997586718889
123,TOBG_MED-659.fna,TOBG_CPC-82.fna,0.06614515115415459,3308179,4226476,3778117,0.5201709737986093,0.4618090414386616,0.5685807761821521
124,TOBG_SP-149.fna,TOBG_CPC-98.fna,8.177517921136138e-05,3313964,3589936,3481067,2378.1583278111634,341.4638279762205,5336.469720069041
125,TOBG_SP-145.fna,TOBG_CPC-82.fna,0.06603500025995004,2731294,3353936,3778117,0.5216148953726651,0.4719552286115003,0.5793559264437671
126,TOBG_EAC-97.fna,TOBG_EAC-1.fna,0.16674946983419392,517291,2112212,2456834,0.06902461577144614,0.06201380953671499,0.07538533348567845
127,TOBG_NAT-60.fna,TOBG_EAC-1.fna,0.02598732784773208,1741772,2558605,2456834,4.909055047036729,4.209621461807025,5.892440679683364
128,TOBG_NP-58.fna,TOBG_CPC-82.fna,0.15215690901808337,2169563,3675190,3778117,0.1336020063628019,0.1252112934428792,0.1448191325662835
129,TOBG_SP-114.fna,TOBG_CPC-82.fna,0.13776977684288402,2551924,3632077,3778117,0.21458152319523,0.1950501995325794,0.24000871765182263
130,TOBG_RS-819.fna,TOBG_EAC-10.fna,0.016805821899308557,1184768,1355324,1337577,24.456901197674334,20.92403200222599,28.605708503208096
131,TOBG_SP-247.fna,TOBG_CPC-98.fna,0.11766015895060784,1634470,3208965,3481067,0.945683353904736,0.8238657501939091,1.1487731510366948
132,TOBG_SP-52.fna,TOBG_CPC-82.fna,0.14630491316758099,2521754,3645475,3778117,0.1759171618269397,0.14365392360576051,0.2303804266188388
133,TOBG_RS-397.fna,TOBG_EAC-1.fna,0.1654644986621994,503812,2309437,2456834,0.08663604770853353,0.07485172030958345,0.10145517357547987
134,TOBG_SP-246.fna,TOBG_EAC-1.fna,0.1688117195126132,554221,2948989,2456834,0.08591029741281032,0.07926086939460152,0.0943046173000156
135,TOBG_SP-3044.fna,TOBG_EAC-10.fna,0.10867957699766165,866851,1193812,1337577,1.0978431415009586,0.8706587933014771,1.3098495549080906
136,TOBG_IN-9.fna,TOBG_EAC-102.fna,0.002439329723715719,2484289,3250345,3184730,1023.3235301785805,692.1061702729612,1613.0958360548557
137,TOBG_NP-151.fna,TOBG_EAC-102.fna,0.13351411520906872,850749,2462997,3184730,0.624463693215093,0.37232944784925065,1.273516419460298
138,TOBG_RS-406.fna,TOBG_EAC-107.fna,0.011542279720767667,1576465,2034634,1931312,28.1791173827882,24.090938279117083,33.05819697325351
139,TOBG_SAT-1.fna,TOBG_EAC-102.fna,0.13515008801810657,1093525,3229293,3184730,0.4177321784748302,0.26147801691207073,0.6704189542935731
140,TOBG_NAT-64.fna,TOBG_EAC-102.fna,0.13088634647702088,1313888,4245982,3184730,0.9139728705520566,0.36401472927508355,3.3141584912372166
141,TOBG_MED-829.fna,TOBG_EAC-11.fna,0.0850059958762175,1159130,1579447,2026489,0.24786672207504612,0.1957068009081119,0.3124415385729875
142,TOBG_NAT-154.fna,TOBG_EAC-107.fna,0.17307476555333373,1212216,1978883,1931312,0.12804769483079634,0.12014603779112562,0.13596745607388483
143,TOBG_SAT-46.fna,TOBG_EAC-103.fna,0.14655586404187457,1161946,3539782,3030934,0.08517577121024514,0.07884380671666578,0.09185699101239653
144,TOBG_NP-26.fna,TOBG_EAC-2.fna,0.0010851315139830714,2426434,3011789,2784619,1417.0474023998083,1072.341908807623,1819.053140655969
145,TOBG_SAT-7.fna,TOBG_EAC-2.fna,0.12944757434666948,797682,3413560,2784619,2.3718153737427983,0.46300344109113445,17.767468073473996
146,TOBG_IN-12.fna,TOBG_EAC-20.fna,0.014766049396679373,2696659,3065870,3306714,112.39453348877754,96.7278608452708,131.34932164151485
147,TOBG_NP-92.fna,TOBG_EAC-20.fna,0.014995456197416332,2754301,3057966,3306714,116.83881711722384,98.80365954939933,141.48714088401059
148,TOBG_SAT-221.fna,TOBG_EAC-2011.fna,0.013706194751351422,1158965,1424643,1305449,50.19288606064743,42.586806249112556,59.97584607575595
149,TOBG_SAT-98.fna,TOBG_EAC-17.fna,0.0016929968281199905,4469589,4832435,5225131,1453.5019848286904,1253.8626449531541,1658.5126752572246
150,TOBG_SP-344.fna,TOBG_EAC-2011.fna,0.03563886767614898,1137943,1437644,1305449,2.68789067348064,2.0937310007405694,3.329458434991288
151,TOBG_EAC-39.fna,TOBG_EAC-20.fna,0.15230619883963786,1672926,5353011,3306714,0.18140659962796524,0.16766491826982216,0.2013686347046776
152,TOBG_IN-1077.fna,TOBG_EAC-24.fna,0.008207603331178266,1562210,1935680,2307206,39.612925738777314,30.612712016298556,48.478308036636854
153,TOBG_SAT-6.fna,TOBG_EAC-20.fna,0.1520483526611229,1662287,3009097,3306714,0.19015053037357674,0.16339326204255522,0.22559500955985448
154,TOBG_SP-348.fna,TOBG_EAC-24.fna,0.022101203440500636,1796599,2222761,2307206,9.64038423241249,8.141589927738623,11.117572783205077
155,TOBG_SP-2.fna,TOBG_EAC-20.fna,0.14776443628897878,1719365,3140658,3306714,0.7485090285097602,0.32770658752771725,4.388249713871851
156,TOBG_RS-391.fna,TOBG_EAC-24.fna,0.12455732071336348,1638884,2079132,2307206,0.17155962913357511,0.14365575064170424,0.23205499096437257
157,TOBG_SAT-14.fna,TOBG_EAC-27.fna,0.026029200708914787,2224809,3358676,3748112,3.421945894445241,2.9531655995456725,3.9203826255825587
158,TOBG_NAT-69.fna,TOBG_EAC-27.fna,0.02727245397539011,3226589,4890980,3748112,4.870657035132566,4.33888200258164,5.428642316822692
159,TOBG_SP-123.fna,TOBG_EAC-21.fna,0.09000299495605571,3285524,4232139,4314506,4.572669941793256,1.9910396456164887,10.472116003620272
160,TOBG_SAT-1508.fna,TOBG_EAC-30.fna,0.1436345552931585,1305062,2044475,1713667,0.08414371484685307,0.07715246091391105,0.09177751992402852
161,TOBG_SP-3024.fna,TOBG_EAC-30.fna,0.1631923775923681,1011334,1815283,1713667,0.08516893236009668,0.07823194483862038,0.0923530098696861
162,TOBG_NP-91.fna,TOBG_EAC-31.fna,0.1443983035539566,1062928,2864318,2300656,0.6159016268728383,0.5004116808400899,0.7831782480382704
163,TOBG_SAT-106.fna,TOBG_EAC-31.fna,0.016111436226402393,2139412,3264734,2300656,174.30040785085754,153.9153244868877,195.91287602380004
164,TOBG_RS-453.fna,TOBG_EAC-34.fna,0.02776284065599928,1022806,1297611,1456460,7.816976390701698,6.454406076423527,9.394078249842968
165,TOBG_SAT-220.fna,TOBG_EAC-34.fna,0.014717300139943951,841051,954390,1456460,25.476627075453052,20.47493518144827,30.973656423075525
166,TOBG_SP-69.fna,TOBG_EAC-34.fna,0.030702137173942188,1111421,1354892,1456460,4.31298967185733,3.733643819413763,5.112832524869599
167,TOBG_NAT-45.fna,TOBG_EAC-33.fna,0.1633282441714427,590798,1664267,1788455,0.08166677083550657,0.07411598653470487,0.09038308906376495
168,TOBG_SP-75.fna,TOBG_EAC-31.fna,0.159178530807546,1019880,2802668,2300656,0.15261991534885339,0.14013203056708637,0.17338849762424355
169,TOBG_NP-15.fna,TOBG_EAC-37.fna,0.008169321483459936,2899384,3835883,3728455,86.61248395813506,67.23278022041346,115.36843570905337
170,TOBG_SAT-42.fna,TOBG_EAC-36.fna,0.14554490818497012,786527,3623736,3778710,0.23360898985450984,0.15185639950803198,0.34942970642551047
171,TOBG_SP-125.fna,TOBG_EAC-36.fna,0.14259848879689163,809686,3875926,3778710,0.2039946555591608,0.15749169516466965,0.2729957015438417
172,TOBG_SAT-6.fna,TOBG_EAC-39.fna,7.480106063709531e-05,2860922,3009097,5353011,4003.145682865602,1197.9503287779353,8747.635894441608
173,TOBG_IN-12.fna,TOBG_EAC-39.fna,0.15573712246423346,1519856,3065870,5353011,0.13419668889257752,0.12493404602571517,0.14579100860666722
174,TOBG_NP-92.fna,TOBG_EAC-39.fna,0.15254667479866446,1603542,3057966,5353011,0.1980745984161568,0.1738036129295449,0.22572142689711835
175,TOBG_SP-2.fna,TOBG_EAC-39.fna,0.008230229820069521,2640631,3140658,5353011,189.1798959022782,156.255314771808,245.40748395787787
176,TOBG_SAT-19.fna,TOBG_EAC-4.fna,0.010734116262311008,2762873,4192159,4297994,535.4663892769012,462.7860568906914,618.5910938410171
177,TOBG_NAT-75.fna,TOBG_EAC-41.fna,0.12582912526930667,884215,3443367,4077124,0.4717537743735751,0.28722296441827855,2.6452445499198807
178,TOBG_MED-588.fna,TOBG_EAC-4.fna,0.16476097041468066,1382172,4336285,4297994,0.5815657623705743,0.17199296332923514,1.9794019622208652
179,TOBG_NP-12.fna,TOBG_EAC-41.fna,0.011589328474428251,3048149,3934693,4077124,1045.1095839786688,795.0888865631431,1314.0716057728703
180,TOBG_SAT-91.fna,TOBG_EAC-42.fna,0.004603370387718009,2608958,3074704,3827229,14.257641431512129,10.019647605995273,18.38133044527851
181,TOBG_SP-32.fna,TOBG_EAC-41.fna,0.0044259039547217115,3857743,4535791,4077124,8521.734937902353,6963.729511355578,10375.099751705427
182,TOBG_SP-64.fna,TOBG_EAC-41.fna,0.1281739660785879,891944,3563167,4077124,0.36102191177594756,0.29307623234406205,0.5325297880289156
183,TOBG_SAT-4.fna,TOBG_EAC-48.fna,0.015251575452756298,2766665,3897340,3221579,357.2754686872214,289.14650255497264,463.32703588067545
184,TOBG_SAT-101.fna,TOBG_EAC-45.fna,0.012594243018772511,3765133,4047777,4388938,2598.243210424179,1920.167104199827,3300.7371329495027
185,TOBG_SAT-20.fna,TOBG_EAC-49.fna,9.449335865362986e-05,3058416,3682313,3923695,1646.5323191188431,204.57576603132605,5806.151990212965
186,TOBG_IN-7.fna,TOBG_EAC-49.fna,0.014831520073927977,2852506,4654070,3923695,586.2719223999152,398.1029078706063,816.0651456327496
187,TOBG_NP-127.fna,TOBG_EAC-5.fna,0.0021192369155686995,3016180,3428059,3240288,4629.323456088375,3647.4611372141544,5806.097975266474
188,TOBG_SP-45.fna,TOBG_EAC-45.fna,0.13317010752500125,1715415,3674042,4388938,0.5950118173213156,0.5261130404757972,0.6790540865682171
189,TOBG_SAT-49.fna,TOBG_EAC-51.fna,0.0014816816030866257,2132037,3046076,2296379,599.784070897266,449.5302028976584,772.5780166961334
190,TOBG_SP-76.fna,TOBG_EAC-51.fna,0.0017814488375344788,2066857,2996524,2296379,668.3666894685116,469.0760467091618,895.4252748631422
191,TOBG_SP-63.fna,TOBG_EAC-5.fna,0.012701788283531221,2900379,3474921,3240288,162.62040497961743,105.29940942871129,229.53342465637107
192,TOBG_IN-15.fna,TOBG_EAC-50.fna,0.15062949165158931,851719,2745037,4027594,0.32044414022300177,0.20789628432256996,0.7023368850945022
193,TOBG_NP-8.fna,TOBG_EAC-55.fna,0.022131203360626142,2334803,2606639,2890195,108.08433032385604,75.69471733815583,176.1650175788775
194,TOBG_SAT-134.fna,TOBG_EAC-55.fna,0.027685798870032474,2069617,2301888,2890195,34.28662804877575,29.683373576634704,39.015220511852554
195,TOBG_SP-93.fna,TOBG_EAC-55.fna,0.0009089640752781266,2616165,2739896,2890195,19978.059997855184,15183.102303779966,27197.56109900711
196,TOBG_SP-350.fna,TOBG_EAC-55.fna,0.02817605621578965,2362041,2653514,2890195,39.39773237808868,33.51606797142661,51.297704423663845
197,TOBG_IN-10.fna,TOBG_EAC-62.fna,6.096567554638217e-05,3854628,3953385,3895818,910.2090556058108,66.76378585352076,3420.529317719003
198,TOBG_RS-816.fna,TOBG_EAC-649.fna,0.01932462689202647,991067,1394984,1356014,13.67357804922947,11.818872605778862,16.61525984934171
199,TOBG_SAT-117.fna,TOBG_EAC-62.fna,5.194921237201662e-05,3849914,3958712,3895818,1542.1162323313404,96.3710964207507,6183.73173689768
200,TOBG_SAT-2619.fna,TOBG_EAC-649.fna,0.17795847399368298,423301,1203139,1356014,0.08544364810429743,0.07543111177437889,0.09609074105160322
201,TOBG_IN-1213.fna,TOBG_EAC-65.fna,0.016215994386393245,1730082,1920553,2147286,38.997969404486426,34.35042415862552,43.857990281431775
202,TOBG_SP-3018.fna,TOBG_EAC-63.fna,0.0013092750125099344,3397300,3629169,4678045,4.818551978874078,1.0952908625772546,12.93959293629253
203,TOBG_RS-817.fna,TOBG_EAC-65.fna,0.03791172206321215,1785701,1985135,2147286,5.20037798114971,4.432843974453549,6.0661929160662575
204,TOBG_IN-13.fna,TOBG_EAC-63.fna,0.0008141102249502083,4449029,4878186,4678045,0.6381790126647074,0.21350080925615764,6.2624568975686
205,TOBG_SAT-90.fna,TOBG_EAC-670.fna,0.01608207260869833,2433455,3127146,3260754,17.814661334898126,15.253476862128148,20.4506437131462
206,TOBG_NAT-209.fna,TOBG_EAC-71.fna,0.03326314126749154,1873906,2449438,4959295,11.123020756486483,9.238655083847192,12.951864961769013
207,TOBG_NAT-92.fna,TOBG_EAC-66.fna,0.00022803483754306052,3495080,3898638,4356736,5148.426963766542,2984.828154218844,7452.500252101
208,TOBG_RS-346.fna,TOBG_EAC-83.fna,0.01564754410578042,952993,1252944,1191907,14.261793200365831,11.328546964380246,17.448098514615126
209,TOBG_NAT-11.fna,TOBG_EAC-710.fna,0.13256098881058806,1450389,1912832,1830345,0.07725427546453363,0.07193835737992335,0.08435395988568883
210,TOBG_SP-188.fna,TOBG_EAC-83.fna,0.0290973496657123,1155741,1660234,1191907,5.020261306620971,4.1845405054568765,6.056335511133295
211,TOBG_SP-74.fna,TOBG_EAC-74.fna,0.00030350223434276235,3637535,3804900,4460847,85.21266001515224,16.810934259859124,277.6980210772916
212,TOBG_NAT-101.fna,TOBG_EAC-86.fna,0.016143072959124916,1771348,2262322,2369296,24.005249478599655,21.316581281146167,27.612825484379577
213,TOBG_NAT-108.fna,TOBG_EAC-9.fna,0.04892365297319837,1875371,2444895,2727227,1.0211943609659455,0.8919698010795678,1.1747061719548326
214,TOBG_NAT-170.fna,TOBG_EAC-77.fna,0.14318327011825463,1343034,3856903,3422461,0.09286585666984011,0.08133271970526082,0.10819410976437033
215,TOBG_IN-23.fna,TOBG_EAC-92.fna,0.017005348099239197,2326621,3576760,3752386,20.764684775102015,18.36357833551503,23.472172473744397
216,TOBG_NP-57.fna,TOBG_EAC-9.fna,0.07330379141602342,2076823,2589833,2727227,0.1565771355918454,0.1334598709584674,0.18830281459698292
217,TOBG_SAT-67.fna,TOBG_EAC-92.fna,0.01701578189966071,2509964,2827680,3752386,22.70356116919373,20.37895067994169,25.25948851234341
218,TOBG_SAT-83.fna,TOBG_EAC-93.fna,0.006024674310903533,2439136,2732373,2850945,350.82037481645045,293.6334477451532,412.49272681596295
219,TOBG_RS-397.fna,TOBG_EAC-97.fna,0.014196352423851732,1548919,2309437,2112212,13.666516339075681,11.603233193595273,16.483979001613925
220,TOBG_NAT-60.fna,TOBG_EAC-97.fna,0.16351294160748386,474941,2558605,2112212,0.07484143304387081,0.06702355384575201,0.08298065925355996
221,TOBG_SAT-104.fna,TOBG_EAC-95.fna,0.001602858545830774,2759445,2864745,2990433,12583.68237645072,8716.130951714855,16704.727796940726
222,TOBG_NAT-53.fna,TOBG_EAC-99.fna,0.013953166774223287,867760,1031667,1028458,15.104716283290415,11.064964249400186,20.031494111415086
223,TOBG_MED-731.fna,TOBG_EAC-99.fna,0.04039000686727573,882446,1095174,1028458,1.100697655465079,0.8261592765574333,1.3673332837517689
224,TOBG_SP-16.fna,TOBG_EAC-87.fna,0.03517582197302094,4200442,6637452,5569343,5.632781468047363,5.190137049264858,6.068751636083439
225,TOBG_SP-246.fna,TOBG_EAC-97.fna,0.15502408736883933,712199,2948989,2112212,0.10730152128522649,0.08316485671508375,0.16542394370509456
226,TOBG_SP-348.fna,TOBG_IN-1077.fna,0.01743703689575923,1468082,2222761,1935680,9.449280005530245,7.337929387381769,11.493667965838148
227,TOBG_IN-2.fna,TOBG_IN-1.fna,0.16193442573616817,598131,4041355,3834435,0.07168267435474769,0.06610942920147932,0.07821680236064035
228,TOBG_SAT-88.fna,TOBG_IN-1.fna,0.15531322185665994,840714,4993883,3834435,0.0896659832503442,0.07822836430319488,0.1252441178974639
229,TOBG_SAT-117.fna,TOBG_IN-10.fna,1.6459271141672522e-05,3827630,3958712,3953385,2155.2818609883925,1077.9728141993435,35468.907560304106
230,TOBG_RS-391.fna,TOBG_IN-1077.fna,0.12773064170079967,1435560,2079132,1935680,0.07645797021024221,0.06951981838052697,0.08493204564076225
231,TOBG_SP-133.fna,TOBG_IN-1.fna,0.13245275049519023,999111,4248066,3834435,0.5716525033446801,0.4556263345704185,0.7539512759534563
232,TOBG_SAT-74.fna,TOBG_IN-11.fna,0.0025005284891340194,2871393,2965195,5809545,3910.960844403979,2851.1407087367743,5299.467987544493
233,TOBG_NP-92.fna,TOBG_IN-12.fna,0.0002192341684578014,2768729,3057966,3065870,1061.3010336409575,170.3231349791352,3033.9836736433094
234,TOBG_RS-817.fna,TOBG_IN-1213.fna,0.03442548684739219,1640093,1985135,1920553,7.857243887004163,6.924968020121383,9.150685488241068
235,TOBG_MED-702.fna,TOBG_IN-11.fna,0.16576,1100000,3141579,5809545,0.2194946058235348,0.14652154441312018,0.5404834041435612
236,TOBG_IN-22.fna,TOBG_IN-16.fna,0.14698781524511192,176450,2725312,2855862,0.16076451887802393,0.11294571679811692,0.2128681897960709
237,TOBG_SAT-6.fna,TOBG_IN-12.fna,0.15591255938954743,1500264,3009097,3065870,0.1332739353560764,0.12253356735965805,0.1435262583157056
238,TOBG_SAT-59.fna,TOBG_IN-17.fna,0.0029845305347108216,2419476,2811814,3240799,7587.880537979599,6170.752956090367,9641.595013671198
239,TOBG_SP-2.fna,TOBG_IN-12.fna,0.14927837508191374,1594665,3140658,3065870,0.895937015664789,0.4044627164885858,1.7715715399411918
240,TOBG_SP-3018.fna,TOBG_IN-13.fna,0.0006164271705905226,3422951,3629169,4878186,112.19583756872409,61.46798077473909,212.66042898082648
241,TOBG_SAT-67.fna,TOBG_IN-23.fna,0.0012222624887166624,2102658,2827680,3576760,636.3715115696302,460.91748574944137,842.3037572892275
242,TOBG_SAT-28.fna,TOBG_IN-19.fna,0.15328730061075074,960621,4625496,4539979,0.09755828295527887,0.0861770296267285,0.10828207564307044
243,TOBG_NP-27.fna,TOBG_IN-40.fna,0.012032217255730289,1675003,3102721,2046638,114.4889075093639,88.8841300718536,143.7858871822485
244,TOBG_SP-133.fna,TOBG_IN-2.fna,0.1619197226398349,578021,4248066,4041355,0.902530998938055,0.08018128592754499,3.593783108339046
245,TOBG_RS-404.fna,TOBG_IN-43.fna,0.050123518671010704,1480343,1742913,1937213,1.5704377339987405,1.2616799904524074,1.882503313691013
246,TOBG_MED-637.fna,TOBG_IN-43.fna,0.09288471060884346,1423765,2045228,1937213,0.11046832001294074,0.09209471778711906,0.13167416389571657
247,TOBG_SP-131.fna,TOBG_IN-19.fna,0.1405073588378171,1559961,4238835,4539979,0.17101918269929883,0.15213357494148536,0.19034335758094367
248,TOBG_NP-52.fna,TOBG_IN-43.fna,0.09234866150416422,1443486,1965511,1937213,0.11195681266245237,0.09858170479203335,0.1312061471921839
249,TOBG_SAT-20.fna,TOBG_IN-7.fna,0.01404066131352196,2644676,3682313,4654070,558.7444760341883,394.90469030343536,848.6577993655723
250,TOBG_SAT-88.fna,TOBG_IN-2.fna,0.12015513646335302,2816617,4993883,4041355,3.1486340193781075,0.277351011707028,12.469277563136469
251,TOBG_RS-439.fna,TOBG_MED-1247.fna,0.11123857240593873,967614,1461763,1292711,0.1716188530313692,0.14131804592451938,0.20673692152169304
252,TOBG_NP-151.fna,TOBG_IN-9.fna,0.13779789673916315,830615,2462997,3250345,0.47873341488162297,0.2379853320743202,1.228300696347382
253,TOBG_SAT-1346.fna,TOBG_MED-1269.fna,0.028521667982632618,1187974,1427231,1932114,1.5734306870628487,1.2130106177301487,2.028417574364542
254,TOBG_SP-190.fna,TOBG_MED-1247.fna,0.10963852647382552,1085695,1689504,1292711,0.20637108237048984,0.17573966555971002,0.24284643325315464
255,TOBG_NAT-64.fna,TOBG_IN-9.fna,0.13389553428402762,1277242,4245982,3250345,0.8340654131229901,0.34400935583463077,2.314312923937028
256,TOBG_SAT-1.fna,TOBG_IN-9.fna,0.13821962155290887,1086387,3229293,3250345,0.3781530840058709,0.18756242615612673,1.4290112141370124
257,TOBG_MED-729.fna,TOBG_MED-582.fna,0.1762515492511725,183153,1538660,1971941,1.2795404939393573,0.5790257444306321,2.4197303402397465
258,TOBG_NP-51.fna,TOBG_MED-581.fna,0.07940938320313251,1715427,2679977,2357711,0.24619009653440355,0.20988737617778236,0.28956259900370607
259,TOBG_NAT-28.fna,TOBG_MED-587.fna,3.312267514526116e-05,3290797,3972912,3619760,1539.9975347696009,172.50430247450643,8007.7617968678305
260,TOBG_MED-645.fna,TOBG_MED-598.fna,0.1764889747669925,246344,1455472,1438732,0.3343869962490926,0.12616720860068795,0.847570538259496
261,TOBG_RS-364.fna,TOBG_MED-587.fna,2.340750912892856e-05,2947772,3129804,3619760,588.7299034004202,422.18592528405236,6629.997919121717
262,TOBG_SAT-73.fna,TOBG_MED-587.fna,0.0002359402308947398,3305922,3646182,3619760,192.91683956566817,45.302607341196826,491.36044706140916
263,TOBG_SAT-69.fna,TOBG_MED-592.fna,0.162647546534137,835838,3780769,3852236,0.2049740008158354,0.16114840048655743,0.311020709909443
264,TOBG_SP-108.fna,TOBG_MED-598.fna,0.1666253368381028,604890,1122373,1438732,0.06736029795855515,0.06202498051458323,0.07573744697043376
265,TOBG_SAT-19.fna,TOBG_MED-588.fna,0.1627262408601772,1250161,4192159,4336285,6.994965303393403,0.3721530703457962,27.142136577494465
266,TOBG_RS-412.fna,TOBG_MED-616.fna,0.039600824436500585,1499691,1841388,2163699,1.8406404790287483,1.5112363647888214,2.159750753231905
267,TOBG_NAT-79.fna,TOBG_MED-599.fna,0.023704413986385623,3673029,4242771,4811953,4.099011000277904,3.6963811064224865,4.737938414686684
268,TOBG_NAT-187.fna,TOBG_MED-621.fna,0.0246256790450972,1824437,2450038,2236066,11.063850606237809,9.602964945622299,12.812776854455487
269,TOBG_MED-604.fna,TOBG_MED-603.fna,0.10651294330671429,1784938,2479522,2098250,0.306423554868189,0.1756649660500548,1.377031881350012
270,TOBG_NP-60.fna,TOBG_MED-599.fna,0.027124562809585966,4025134,5814405,4811953,2.656822223049267,2.3396438462502203,2.9791609899967963
271,TOBG_SAT-10.fna,TOBG_MED-599.fna,0.0170966878409103,3952286,4732202,4811953,7.18198190340925,6.3553410053365464,8.030562911636302
272,TOBG_SAT-175.fna,TOBG_MED-621.fna,0.17804734676428152,187130,2007282,2236066,0.10151320017697707,0.08376615494631667,0.12132567059719104
273,TOBG_SAT-103.fna,TOBG_MED-621.fna,0.17367440258072597,383148,1803236,2236066,0.10124167777769282,0.08883817002846386,0.11309588585383937
274,TOBG_NP-53.fna,TOBG_MED-629.fna,0.05657363913807078,1966658,2948565,3666716,0.6467548795535139,0.540450082302349,0.7704164044898196
275,TOBG_SP-159.fna,TOBG_MED-633.fna,0.1590355738435669,679741,3619350,3500593,0.3979197289711824,0.3055012531438919,0.5100817453261245
276,TOBG_NP-10.fna,TOBG_MED-633.fna,0.15860671050421865,768139,4132734,3500593,0.3745191604862332,0.3182145679942135,0.45476274976740816
277,TOBG_SP-57.fna,TOBG_MED-633.fna,0.02357499683136803,2666766,2980545,3500593,4.118466556844436,3.5777659168997737,4.6914969714899515
278,TOBG_NP-7.fna,TOBG_MED-633.fna,0.03063280015259687,2935840,3379762,3500593,2.151981105491585,1.8947971002376507,2.4603720464315466
279,TOBG_SAT-8.fna,TOBG_MED-633.fna,0.023856435033850126,3077241,3640882,3500593,4.177819908700119,3.4246537596099125,5.868869993356993
280,TOBG_SP-108.fna,TOBG_MED-645.fna,0.18752586461720366,169150,1122373,1455472,0.09724668987195012,0.08012453695449917,0.1172438013068417
281,TOBG_SAT-47.fna,TOBG_MED-635.fna,0.011882072039188426,2150635,2914745,2720828,27.15717839129433,23.49676270987435,31.386411453305396
282,TOBG_NP-52.fna,TOBG_MED-637.fna,0.016217493882875113,1599199,1965511,2045228,14.001707472322087,12.110945565564352,16.452223624063617
283,TOBG_NAT-12.fna,TOBG_MED-649.fna,0.08840070586545982,793919,1327887,1361524,0.5541694854519555,0.46481288463473136,0.6426088809093279
284,TOBG_RS-344.fna,TOBG_MED-650.fna,0.16225907515490107,300353,1343288,1803804,0.10258068720193003,0.09261539766143514,0.1171127363441391
285,TOBG_RS-404.fna,TOBG_MED-637.fna,0.08436904870356633,1383102,1742913,2045228,0.14217975178994222,0.1180306647377495,0.17390258407006123
286,TOBG_SP-47.fna,TOBG_MED-651.fna,0.0424563024937575,1233480,1497536,1682645,1.9325339054145476,1.6823937739893737,2.361129438616821
287,TOBG_MED-695.fna,TOBG_MED-636.fna,0.14992929483380918,1485040,2846697,2959024,0.045785065091623,0.04212709443784802,0.05033933526410451
288,TOBG_SP-186.fna,TOBG_MED-653.fna,0.14814326200701564,424481,3843638,3491745,24.241381820988774,2.9360443793394633,98.39492948669003
289,TOBG_NAT-181.fna,TOBG_MED-655.fna,0.015534312320691317,2540312,2975687,3265334,26.795969581529544,24.21828001859553,30.00577227221866
290,TOBG_SP-145.fna,TOBG_MED-659.fna,0.032114709923701225,2880518,3353936,4226476,5.505573688745805,5.0589894005967295,6.100595684267503
291,TOBG_RS-402.fna,TOBG_MED-677.fna,0.09404460064022868,1225812,1676810,1857346,0.18872009169759088,0.1625823899667113,0.22600343315285454
292,TOBG_MED-715.fna,TOBG_MED-689.fna,0.13722269713356322,937017,1307145,1356840,0.05667156377651786,0.05206955777978348,0.0634241579739888
293,TOBG_NAT-510.fna,TOBG_MED-713.fna,0.18513163737180113,184674,1008374,1041846,0.1938693290609457,0.1566162096671757,0.3859900036394969
294,TOBG_NP-58.fna,TOBG_MED-659.fna,0.14137223361006052,2456812,3675190,4226476,0.41808917462569717,0.37314747172328366,0.4901896158035198
295,TOBG_SP-114.fna,TOBG_MED-659.fna,0.13192100038728205,2700874,3632077,4226476,0.12248402781218966,0.11123051279414058,0.1335199017734246
296,TOBG_NAT-53.fna,TOBG_MED-731.fna,0.040275233155203705,918058,1031667,1095174,1.0873249750757583,0.7960051859237415,1.428554300684802
297,TOBG_SAT-74.fna,TOBG_MED-702.fna,0.16536573990651135,943430,2965195,3141579,0.2564677924855583,0.14804388007703484,0.6488705314574291
298,TOBG_SP-52.fna,TOBG_MED-659.fna,0.13997129521747192,2621166,3645475,4226476,0.0755049183691668,0.0700486732013107,0.08264009555014291
299,TOBG_NP-142.fna,TOBG_MED-740.fna,0.17196772552155268,343925,1131154,945636,0.04114479645282548,0.03599193422966925,0.04929019306558767
300,TOBG_SP-292.fna,TOBG_MED-732.fna,0.16753415221825257,746218,2172123,1594489,0.10093832038040707,0.09341288403933992,0.11268716865848868
301,TOBG_SAT-65.fna,TOBG_MED-734.fna,0.12380575267192542,1439505,1708736,2592778,0.171074177510701,0.14030415397180326,0.23808107985079852
302,TOBG_SP-3068.fna,TOBG_MED-743.fna,0.10712297832413607,1194739,1562263,1937646,0.05550218549809192,0.0470079917903202,0.06575451502679748
303,TOBG_NAT-18.fna,TOBG_MED-736.fna,0.15037923223717287,1294853,1975315,2247865,0.15517156379703906,0.13952344633496006,0.18642031514713384
304,TOBG_SAT-157.fna,TOBG_MED-777.fna,0.16194543584509305,893517,2483264,2033632,0.17280277544070458,0.14701124339690386,0.20591921718543002
305,TOBG_SP-272.fna,TOBG_MED-777.fna,0.1619648488160248,838151,1935643,2033632,0.11723324322510087,0.10863780452761751,0.12897875688584948
306,TOBG_MED-697.fna,TOBG_MED-661.fna,0.13127614735696733,3837864,7781614,7093371,0.08199403758025171,0.07533505916410523,0.08824413947499128
307,TOBG_SP-156.fna,TOBG_MED-803.fna,0.060726277987372464,1774059,2602685,2200859,0.6963360657875445,0.5908832806210224,0.7790120814315581
308,TOBG_NP-20.fna,TOBG_MED-837.fna,0.14756171459377232,1196435,1887387,1827968,0.07377511417146737,0.06793013342891964,0.08056255614122054
309,TOBG_SAT-1608.fna,TOBG_MED-837.fna,0.13898766380089847,1114768,1504380,1827968,0.13942779559021212,0.10722012446869397,0.19818387304125853
310,TOBG_SP-237.fna,TOBG_MED-856.fna,0.06947422477582775,1499405,2773625,1796199,0.2253153389001909,0.18820977747910278,0.27928502409549155
311,TOBG_SP-11.fna,TOBG_NAT-111.fna,0.04819066742328343,160363,3478601,4466321,5232.092842157244,1669.1325299977716,8126.530789499005
312,TOBG_NP-1472.fna,TOBG_NAT-109.fna,0.1297650359713618,1036797,1521562,2285316,0.05342250952413145,0.04689375462540094,0.06057675756191519
313,TOBG_NP-1444.fna,TOBG_NAT-109.fna,0.135082893282574,1221450,2099531,2285316,0.0731099486266156,0.0647975072383315,0.08250689593556863
314,TOBG_SAT-133.fna,TOBG_NAT-109.fna,0.037986137094555145,1373738,1870654,2285316,6.135407118102231,5.370265488675449,7.046069944104105
315,TOBG_NP-57.fna,TOBG_NAT-108.fna,0.07800219421476547,1868550,2589833,2444895,0.18229142778606483,0.15095418937044258,0.22059468337781385
316,TOBG_NP-25.fna,TOBG_NAT-116.fna,0.00014950111564127338,2314364,2529929,2732343,171.53580733639797,22.636687657781163,826.1467979331609
317,TOBG_RS-341.fna,TOBG_NAT-136.fna,0.03025146146696595,1132937,1580829,1451470,1.058874368496041,0.7615762681298641,1.4041168218281896
318,TOBG_RS-384.fna,TOBG_NAT-13.fna,0.0155841260580533,1264941,1595570,1567482,6.364382794437159,5.132544909548619,7.868026825696327
319,TOBG_SP-3041.fna,TOBG_NAT-118.fna,0.16583494345877617,793934,1271263,1381496,0.09877656479000009,0.09061201908591082,0.1110320936259949
320,TOBG_SAT-181.fna,TOBG_NAT-118.fna,0.16743672910461188,800368,1250697,1381496,0.09755337721623535,0.08943767775361278,0.10679106688096274
321,TOBG_SP-244.fna,TOBG_NAT-129.fna,0.0001381568909653803,3329548,3527612,3876462,31.47124702408646,11.605461343017021,295.77609565055786
322,TOBG_SP-43.fna,TOBG_NAT-157.fna,2.5644837259601385e-05,2300658,2350912,2516899,447.2616607688481,386.40800824359803,6966.448183858673
323,TOBG_RS-435.fna,TOBG_NAT-137.fna,0.14602543709355786,733653,1482392,1906463,0.5093401581160879,0.41905225224370685,0.6550099091608966
324,TOBG_SAT-175.fna,TOBG_NAT-187.fna,0.17962999422064438,157457,2007282,2450038,0.10519081604075325,0.08663449308649031,0.1272688767707959
325,TOBG_SAT-103.fna,TOBG_NAT-187.fna,0.16739205657500622,369916,1803236,2450038,0.1313750131103916,0.11232375826394961,0.15751735180314602
326,TOBG_RS-406.fna,TOBG_NAT-154.fna,0.17253283709202824,1161263,2034634,1978883,0.12773410338504512,0.12035759078889392,0.13500784388349787
327,TOBG_SP-20.fna,TOBG_NAT-16.fna,0.006993745921379288,3444792,3673197,3518857,1724.0998794423692,1397.1446343842656,2162.804252279402
328,TOBG_NP-120.fna,TOBG_NAT-176.fna,3.5865387919283314e-05,3987131,4866126,4034638,843.9422903758957,134.7705351344563,6457.391768572377
329,TOBG_NP-103.fna,TOBG_NAT-19.fna,0.00010800762708994758,3425684,3506299,3853292,187.75167051479715,56.24104943899681,577.3205321960612
330,TOBG_RS-408.fna,TOBG_NAT-252.fna,0.1460249794737672,919555,1618344,1443025,0.06457616757748819,0.05496395362420398,0.07535955850082882
331,TOBG_SP-283.fna,TOBG_NAT-231.fna,0.15065535129252697,874798,2147645,1487626,0.07016064759507461,0.06366844285107001,0.07735006591089195
332,TOBG_NP-64.fna,TOBG_NAT-259.fna,0.03362455257320783,1339884,1970833,1757702,6.952325847258191,5.997635323487136,7.827226918463465
333,TOBG_SAT-145.fna,TOBG_NAT-288.fna,0.002286373177638264,1569735,1808944,1673240,56.912259781451226,36.35406282938291,81.87738821480384
334,TOBG_SP-10.fna,TOBG_NAT-22.fna,0.15311272884424806,671035,5902655,6416023,16.850204313888586,0.4716462027841216,86.99219834991655
335,TOBG_RS-364.fna,TOBG_NAT-28.fna,3.689916687664841e-05,3008198,3129804,3972912,223.8282420002661,138.0800029792333,1313.3011665847744
336,TOBG_NAT-68.fna,TOBG_NAT-288.fna,0.186447356049424,670039,2089406,1673240,0.19864970492887302,0.18337221998992495,0.22155052704802716
337,TOBG_SAT-73.fna,TOBG_NAT-28.fna,0.00023869006890186656,3267836,3646182,3972912,84.96657706102923,10.640649691989319,245.67669701656806
338,TOBG_RS-420.fna,TOBG_NAT-417.fna,0.02033214420018091,1180692,1348634,1342886,3.2185743738377375,2.657374039958296,4.0433832736307895
339,TOBG_SAT-13.fna,TOBG_NAT-417.fna,0.07813810563914012,1162429,1395102,1342886,1.2643362873933537,0.932500321289552,1.6926817889376962
340,TOBG_SAT-182.fna,TOBG_NAT-417.fna,0.11624212111454535,1037266,1355491,1342886,0.22238734539489027,0.17019600296060544,0.27705834902667753
341,TOBG_SAT-206.fna,TOBG_NAT-417.fna,0.1622216606568371,617322,1381584,1342886,0.15277642490423213,0.11225919480693883,0.2520327296401623
342,TOBG_SAT-64.fna,TOBG_NAT-30.fna,0.046456885483114926,3042154,3802651,4946673,4.652939477866508,3.914778149594298,5.4051185863112385
343,TOBG_SP-78.fna,TOBG_NAT-430.fna,0.11500477942279179,766829,1781988,938298,0.1610579860210904,0.13209478390675722,0.2062752458336952
344,TOBG_SP-98.fna,TOBG_NAT-43.fna,0.0633596756420583,1585409,2556368,2074215,0.42701710622447014,0.36059560192836515,0.5051584776422146
345,TOBG_SP-174.fna,TOBG_NAT-535.fna,0.04044378397084868,1228075,1934809,1565414,7.0000844606255175,6.065744806903786,8.05089903599411
346,TOBG_SP-4154.fna,TOBG_NAT-535.fna,0.14920551931076811,439910,1258060,1565414,0.16272270308248166,0.12309141754450774,0.21018137746724652
347,TOBG_SP-284.fna,TOBG_NAT-575.fna,0.16359534007751095,431681,1777664,2095193,0.06668893543306338,0.057596699801842455,0.0767799800141432
348,TOBG_NP-49.fna,TOBG_NAT-33.fna,0.0007776441441738216,4705237,5103009,5201795,53.80725789994475,26.558145912055714,105.52364071788789
349,TOBG_RS-397.fna,TOBG_NAT-60.fna,0.16186943683035432,472078,2309437,2558605,1.6451476800318885,0.10092488055884827,12.909262424494703
350,TOBG_SP-246.fna,TOBG_NAT-60.fna,0.1684112830512028,491321,2948989,2558605,0.0829991463388536,0.0749964961825395,0.09063918766758164
351,TOBG_NP-151.fna,TOBG_NAT-64.fna,0.008101464327932927,2341552,2462997,4245982,424.2297705228001,349.184848491603,499.5681635945014
352,TOBG_RS-380.fna,TOBG_NAT-66.fna,0.013835063275167436,2385533,3137280,2860664,10.316437564068007,8.731048784054886,12.225750784986639
353,TOBG_SAT-1.fna,TOBG_NAT-64.fna,0.01317297640261702,3095428,3229293,4245982,206.674102919865,157.25841635433073,278.363295949548
354,TOBG_SAT-145.fna,TOBG_NAT-68.fna,0.1859947415272135,726827,1808944,2089406,0.39010242710198034,0.21427901608247255,1.0293202784286264
355,TOBG_SAT-14.fna,TOBG_NAT-69.fna,0.01568626449181218,2740168,3358676,4890980,22.4861562971604,20.15043162861873,25.189291423969454
356,TOBG_NP-12.fna,TOBG_NAT-75.fna,0.11976824618461604,891981,3934693,3443367,2.9725383488726638,1.5399602103522663,6.582387789506064
357,TOBG_SP-32.fna,TOBG_NAT-75.fna,0.11761171778623057,1030297,4535791,3443367,4.256155972144533,2.1610616003608545,7.9581086695562115
358,TOBG_SP-64.fna,TOBG_NAT-75.fna,0.0396944265416219,2735447,3563167,3443367,10.658113077141676,8.43984360506212,14.120546005837248
359,TOBG_NP-60.fna,TOBG_NAT-79.fna,0.02107695502380451,3958494,5814405,4242771,6.667716897763801,5.83631188072444,7.31272743175351
360,TOBG_SAT-10.fna,TOBG_NAT-79.fna,0.022541280965291313,3831548,4732202,4242771,4.23956573470414,3.8023950701045934,4.8446626305125005
361,TOBG_NP-41.fna,TOBG_NAT-81.fna,0.028041487253627567,3194909,5344530,4167474,6.824293154474161,6.162669679006807,7.537548314279813
362,TOBG_SAT-38.fna,TOBG_NAT-96.fna,0.020120262755703756,1547445,1888070,1781012,13.16472402076777,11.359789023729352,15.293476052284008
363,TOBG_SAT-108.fna,TOBG_NAT-9.fna,0.007320047386149983,2588098,3542561,3388107,73.65822087168972,60.91926733091274,86.41714357761045
364,TOBG_SAT-111.fna,TOBG_NP-1.fna,0.16326434439564927,445627,4727930,2301040,0.17804708551648094,0.1458861304153601,0.3130105810592985
365,TOBG_NP-7.fna,TOBG_NP-10.fna,0.1605937037704229,732756,3379762,4132734,0.3192128473278419,0.27198934770146926,0.3647263505659971
366,TOBG_SP-81.fna,TOBG_NP-101.fna,0.17738785797427684,207906,1695481,1450038,1.4221134614675108,0.22259146099437208,5.959906408517825
367,TOBG_SAT-8.fna,TOBG_NP-10.fna,0.15792003896129977,796688,3640882,4132734,0.3958809985572979,0.33618552864437296,0.4868890377681769
368,TOBG_SP-159.fna,TOBG_NP-10.fna,0.0001459979820887425,3376759,3619350,4132734,1120.6936470142207,403.8111503480864,2537.5242951769137
369,TOBG_SP-57.fna,TOBG_NP-10.fna,0.15597488082220792,694131,2980545,4132734,0.44289783255817783,0.37145334414377446,0.5359281994981181
370,TOBG_SP-142.fna,TOBG_NAT-81.fna,0.1351589563914982,2558469,5196966,4167474,0.04352429761258083,0.04065017222445189,0.046845894467137994
371,TOBG_SP-293.fna,TOBG_NP-1052.fna,0.15984968435679603,1119777,2111649,2351321,0.06495684341718905,0.06004364106129182,0.07174929459408827
372,TOBG_SP-63.fna,TOBG_NP-127.fna,0.012213400613780649,2780798,3474921,3428059,163.22804215800588,122.52670698814767,229.82816833738207
373,TOBG_SP-32.fna,TOBG_NP-12.fna,0.018312249031661988,3376920,4535791,3934693,734.9867020756101,561.7022398671133,1006.771900548929
374,TOBG_NP-90.fna,TOBG_NP-13.fna,0.152161997414255,813692,3583678,3633240,0.08948427740948314,0.07782746690340825,0.11293506711882209
375,TOBG_SP-64.fna,TOBG_NP-12.fna,0.12410755945183176,923731,3563167,3934693,1.8531481734497084,0.6942284664599471,7.506301436724419
376,TOBG_NP-94.fna,TOBG_NP-13.fna,0.11694695452595537,2023396,3248331,3633240,0.2861050963822203,0.25478575493571,0.3365611311092322
377,TOBG_SAT-1611.fna,TOBG_NP-140.fna,0.009350837566777931,1816094,2084816,3160351,296.1959209483754,239.2844466779333,369.8702249623773
378,TOBG_SAT-93.fna,TOBG_NP-13.fna,0.15388927950837697,645698,3781349,3633240,0.0855717801973017,0.07396325501391039,0.13426070959030245
379,TOBG_NP-1472.fna,TOBG_NP-1444.fna,0.15161262234348016,964702,1521562,2099531,0.06513838434022941,0.05944577292219086,0.0721791987028175
380,TOBG_SAT-133.fna,TOBG_NP-1444.fna,0.13719460799029273,1109271,1870654,2099531,0.08821098808480347,0.07679629145483223,0.10417878056803906
381,TOBG_SAT-133.fna,TOBG_NP-1472.fna,0.1314459656173065,950071,1870654,1521562,0.06107092316557132,0.05536277170996683,0.07108012477665243
382,TOBG_SP-60.fna,TOBG_NP-13.fna,0.1139886594805164,1849298,3029302,3633240,0.43491970721659284,0.33561119874746564,0.6422174457049338
383,TOBG_SAT-1.fna,TOBG_NP-151.fna,0.01662984993213855,2174283,3229293,2462997,88.09611372069668,75.70188067317295,110.15093256625768
384,TOBG_NP-59.fna,TOBG_NP-21.fna,0.12054059570497587,68591,3019873,3957445,10.390175736689294,2.0782123083280393,29.229805260147266
385,TOBG_SAT-1608.fna,TOBG_NP-20.fna,0.15464195555005372,904748,1504380,1887387,0.08430392186587263,0.0761574648013784,0.09211069777650581
386,TOBG_SAT-162.fna,TOBG_NP-1463.fna,0.008737193024907792,4173995,4765829,5265931,4.35451346200782,3.1837779476812265,5.496573464945144
387,TOBG_SAT-7.fna,TOBG_NP-26.fna,0.1289549405238646,1011330,3413560,3011789,0.48869789175169004,0.3429801089045744,0.8841067691666099
388,TOBG_SAT-62.fna,TOBG_NP-16.fna,0.11006390918920739,2376810,3322063,3216677,1.4160236416507057,1.2196580944834947,1.651434020805716
389,TOBG_SAT-183.fna,TOBG_NP-28.fna,8.316313960474771e-05,3210557,3601849,3571990,77.17481796036404,31.413294110447183,496.2876798830252
390,TOBG_RS-404.fna,TOBG_NP-52.fna,0.08495668388731292,1411484,1742913,1965511,0.12798250957914903,0.10636933121378535,0.1548768661763527
391,TOBG_SAT-1462.fna,TOBG_NP-42.fna,0.1005927119332764,2109119,3779589,3854487,2.179321705049094,1.9061514769038452,2.4807038896906266
392,TOBG_SP-332.fna,TOBG_NP-47.fna,0.16434041140435782,1246997,4423858,4782286,0.35680052546667734,0.28569645500435376,0.5617482675786729
393,TOBG_SP-142.fna,TOBG_NP-41.fna,0.13613385969513556,2642289,5196966,5344530,0.042421547902774935,0.03972104884962544,0.04540889466813292
394,TOBG_SP-145.fna,TOBG_NP-58.fna,0.13800109606350466,2089295,3353936,3675190,0.5622883738334421,0.4778939053070866,0.6651574108173463
395,TOBG_SP-114.fna,TOBG_NP-58.fna,0.16401021199305352,1656092,3632077,3675190,0.10527830225688545,0.10095811040099226,0.11132734779038249
396,TOBG_SP-304.fna,TOBG_NP-68.fna,0.030358065459848003,1972293,2319253,2829575,4.40945668527256,3.8347300978052616,5.117049802198648
397,TOBG_SAT-10.fna,TOBG_NP-60.fna,0.026284297782583194,4139772,4732202,5814405,2.6412126886980127,2.380204546224864,2.9714090279356826
398,TOBG_SP-52.fna,TOBG_NP-58.fna,0.1672029938758845,1632399,3645475,3675190,0.10714320183299009,0.1004958790048299,0.11373138380357288
399,TOBG_SP-159.fna,TOBG_NP-7.fna,0.16065653461560492,645937,3619350,3379762,0.32503322544018426,0.2801655907533379,0.3792207307662056
400,TOBG_SAT-8.fna,TOBG_NP-7.fna,0.02363001972072029,2984678,3640882,3379762,3.8071890320921242,3.3782658559765055,4.361561553935943
401,TOBG_SAT-134.fna,TOBG_NP-8.fna,0.020313126672646262,2056995,2301888,2606639,40.42386936339227,33.60235987830449,46.49400275007729
402,TOBG_SP-57.fna,TOBG_NP-7.fna,0.02287356105281007,2653850,2980545,3379762,4.979205671130464,4.293980164966428,5.652885665273184
403,TOBG_SP-350.fna,TOBG_NP-8.fna,0.018091724344578435,2292761,2653514,2606639,59.38650568945995,50.03273423654508,69.31857020786931
404,TOBG_SP-93.fna,TOBG_NP-8.fna,0.02097701224124799,2308098,2739896,2606639,112.94638892959098,73.6004275418585,186.8580375541435
405,TOBG_NP-94.fna,TOBG_NP-90.fna,0.15197440281893007,790087,3248331,3583678,0.08699253491428031,0.07821757821081783,0.09737306825323244
406,TOBG_SAT-93.fna,TOBG_NP-90.fna,0.15749262494607016,628131,3781349,3583678,0.08244902491825946,0.07461693466890812,0.09239010979364709
407,TOBG_SAT-31.fna,TOBG_NP-9.fna,7.780294780426942e-05,3881601,4069214,4089862,377.5734935111084,40.90905815223999,1722.0677295739756
408,TOBG_SP-60.fna,TOBG_NP-90.fna,0.1513977653330385,705519,3029302,3583678,0.09318007005074942,0.08441902350955664,0.10466932624626109
409,TOBG_SP-180.fna,TOBG_NP-9.fna,0.15802751540490548,1827340,3734379,4089862,0.20058393598244542,0.13356363596638574,0.8946093681249803
410,TOBG_SAT-106.fna,TOBG_NP-91.fna,0.1352853921839275,1514162,3264734,2864318,1.2103076997636153,1.0771073226528147,1.418899400671316
411,TOBG_SP-75.fna,TOBG_NP-91.fna,0.11899446675334083,1769847,2802668,2864318,0.4510668750522868,0.36997413573587123,0.5500190380282817
412,TOBG_SAT-93.fna,TOBG_NP-94.fna,0.15785522770703495,612783,3781349,3248331,0.075535259896898,0.06721160647734475,0.0852580002092638
413,TOBG_SP-2.fna,TOBG_NP-92.fna,0.14762149660600482,1662495,3140658,3057966,0.8240387418213491,0.5098133930725095,1.6844917528173236
414,TOBG_SAT-6.fna,TOBG_NP-92.fna,0.15243949681303584,1587561,3009097,3057966,0.1979210976896708,0.17752314802766384,0.22493358799849517
415,TOBG_SP-60.fna,TOBG_NP-94.fna,0.016566307502982592,2341922,3029302,3248331,128.73740204203327,111.27381931331826,143.16890541642596
416,TOBG_SP-35.fna,TOBG_NP-955.fna,0.00526078734931081,2741985,3616561,3919939,53.99355156605437,43.07357089020483,67.48253420089222
417,TOBG_SP-188.fna,TOBG_RS-346.fna,0.028624070540238206,1215760,1660234,1252944,6.367368708152095,5.289788664434831,7.469217537631004
418,TOBG_SP-269.fna,TOBG_NP-96.fna,0.07220669494640658,1885213,3110986,3358496,5.496239648795353,1.9442123094204071,15.374971625758578
419,TOBG_SP-34.fna,TOBG_NP-960.fna,0.0035058925071497454,3366903,4523946,4153146,376.3285095276042,331.8072431465649,421.293364514989
420,TOBG_SAT-193.fna,TOBG_RS-350.fna,0.01472858620781127,1130930,1338141,2358051,11.321930188808427,9.378354128091232,13.340019820875673
421,TOBG_RS-389.fna,TOBG_RS-350.fna,0.1728069151828864,454189,1546902,2358051,0.1453101530462652,0.1327464918848945,0.15872910307214047
422,TOBG_SP-340.fna,TOBG_NP-97.fna,0.005871855754247978,2695400,3203335,3509560,56.92839888405154,47.91834411837791,68.45405140438658
423,TOBG_SP-243.fna,TOBG_RS-350.fna,0.169609746025191,484300,1595988,2358051,0.15545544320128526,0.1424775933104772,0.17924633622220718
424,TOBG_SP-349.fna,TOBG_RS-357.fna,0.004412039698515445,1727319,2005130,2646665,7.598364965786422,4.112275314111241,12.133064472141008
425,TOBG_SAT-73.fna,TOBG_RS-364.fna,0.00022648963843408548,2984684,3646182,3129804,84.32408275547633,8.853225861750293,372.99471822233596
426,TOBG_SP-3984.fna,TOBG_RS-388.fna,0.021923451865477558,1451505,2007118,2225131,6.634642925204384,5.437463060585243,8.282652252604441
427,TOBG_SAT-75.fna,TOBG_RS-342.fna,0.11985258374609456,2334885,3093260,3969902,6.980925619208578,4.710523540336386,10.295554483650378
428,TOBG_SP-24.fna,TOBG_RS-387.fna,0.15031832472150372,990498,1549675,1800507,0.31054841199953415,0.24934854493534553,0.38783317512608356
429,TOBG_SP-243.fna,TOBG_RS-389.fna,0.027500298277254327,1156642,1595988,1546902,4.604366752515868,3.7934096218462474,5.387731665491843
430,TOBG_SAT-193.fna,TOBG_RS-389.fna,0.1673843667763529,443082,1338141,1546902,0.3573045153384534,0.21908070458773168,0.790821773421327
431,TOBG_RS-395.fna,TOBG_RS-383.fna,0.16750985675291966,1137545,5689386,6259786,0.06642838499942692,0.06145622814267769,0.0729609000981646
432,TOBG_SAT-13.fna,TOBG_RS-420.fna,0.0765576838887131,1235761,1395102,1348634,1.3259427634676033,1.0715711246332014,1.5751308223044105
433,TOBG_SP-12.fna,TOBG_RS-376.fna,0.004636856767435351,5245148,6175406,5828739,25.294623130238108,21.65752387651513,29.448998386389235
434,TOBG_SP-348.fna,TOBG_RS-391.fna,0.12598883405943842,1536279,2222761,2079132,0.11940177614139473,0.10585746006453603,0.13852263987073704
435,TOBG_SAT-182.fna,TOBG_RS-420.fna,0.11338128427197734,1103489,1355491,1348634,0.31754618806991164,0.2490242655104007,0.3970020631164494
436,TOBG_SP-246.fna,TOBG_RS-397.fna,0.15147938532321895,732027,2948989,2309437,0.8676823725905268,0.38243149354402567,2.279794886701502
437,TOBG_SAT-220.fna,TOBG_RS-453.fna,0.03254061390061463,767779,954390,1297611,1.3650317489607238,0.969655203441898,1.865281358258754
438,TOBG_SP-190.fna,TOBG_RS-439.fna,0.020941935095067345,1261106,1689504,1461763,19.959168146615742,17.683986921673473,22.28994637876554
439,TOBG_SP-69.fna,TOBG_RS-453.fna,0.035130111342032574,1020549,1354892,1297611,2.854289422378725,2.260677668681618,3.6183692453200216
440,TOBG_SAT-206.fna,TOBG_RS-420.fna,0.16003987758645938,676069,1381584,1348634,0.12060508948060987,0.10851099785080909,0.13944217978824308
441,TOBG_SP-4356.fna,TOBG_RS-535.fna,0.0028375006272609907,1096035,1315367,1314129,17.988335388887954,9.756236781814893,29.61637233462172
442,TOBG_SP-4379.fna,TOBG_RS-815.fna,0.019917388419535678,902779,1264697,963751,2.4204579008154123,1.7837142209050245,3.2639925884148737
443,TOBG_SAT-2619.fna,TOBG_RS-816.fna,0.17800206687585388,426731,1203139,1394984,0.08235725847098413,0.07270438422637772,0.09516366315123188
444,TOBG_SAT-228.fna,TOBG_RS-535.fna,0.14532304795242232,963309,1642008,1314129,0.35444675308664947,0.2739113246000954,0.5385378924692585
445,TOBG_SP-262.fna,TOBG_RS-820.fna,0.14280834772164253,532840,1647144,1716093,1.260686030355235,0.9169133312834488,1.8681713235130961
446,TOBG_SP-3044.fna,TOBG_RS-819.fna,0.11040233909897926,881023,1193812,1355324,0.830641802776453,0.6471014837695023,1.0277076934314278
447,TOBG_SAT-175.fna,TOBG_SAT-103.fna,0.17288593392894244,240650,2007282,1803236,0.323042768297111,0.1567884560180787,0.7424678007455436
448,TOBG_SP-305.fna,TOBG_SAT-105.fna,0.040969991553550175,1273908,1518385,1669274,1.7071541055873303,1.4595110079512972,1.9654668099744135
449,TOBG_SP-203.fna,TOBG_RS-456.fna,0.14844341402922306,1854700,3557150,4172585,0.11026026739388509,0.09854556597025481,0.1350323514824089
450,TOBG_SAT-182.fna,TOBG_SAT-13.fna,0.11762286006377248,1142499,1355491,1395102,0.21262731648392494,0.1605642398196046,0.275192766649111
451,TOBG_SAT-206.fna,TOBG_SAT-13.fna,0.15585936538681466,690783,1381584,1395102,0.42143622568072825,0.24484372506907393,0.7310147465025199
452,TOBG_SP-45.fna,TOBG_SAT-101.fna,0.13312158364742224,1720585,3674042,4047777,0.6072815695102625,0.537076335657817,0.74238581639746
453,TOBG_SP-288.fna,TOBG_SAT-113.fna,0.004262465975560317,3453400,3667612,4081676,723.8524583828258,608.2328454362297,855.3489710668691
454,TOBG_SP-75.fna,TOBG_SAT-106.fna,0.1570050676252541,1346982,2802668,3264734,0.1356207334631263,0.12699631037062398,0.14695037505645653
455,TOBG_SP-350.fna,TOBG_SAT-134.fna,0.01270565976029881,2164862,2653514,2301888,183.60515776973804,135.49168434085203,235.81792412107382
456,TOBG_SAT-161.fna,TOBG_SAT-1582.fna,0.16125717086107988,693780,1266047,1440485,0.09364071999562813,0.08731137513464077,0.10194533705640682
457,TOBG_SP-93.fna,TOBG_SAT-134.fna,0.02746258951398222,2048423,2739896,2301888,34.6791301769896,30.51885853144763,39.82537648520506
458,TOBG_SP-3024.fna,TOBG_SAT-1508.fna,0.1536121561123703,1155501,1815283,2044475,0.07674552197473995,0.07066733425945498,0.08323410679643051
459,TOBG_SP-272.fna,TOBG_SAT-157.fna,0.1597973971606842,876197,1935643,2483264,0.1365765565174265,0.1250365991259609,0.15792687452661391
460,TOBG_SP-219.fna,TOBG_SAT-159.fna,0.03467061183803768,1902072,2467670,2010063,3.149029168859181,2.352717593829887,4.585777981524276
461,TOBG_SP-3041.fna,TOBG_SAT-181.fna,0.008573984054462816,1012948,1271263,1250697,28.28227542019969,22.341641883252883,36.06028186794261
462,TOBG_SP-69.fna,TOBG_SAT-220.fna,0.026243084366690574,867238,1354892,954390,5.0080423706977015,4.145445678405963,5.9462678127652655
463,TOBG_SP-282.fna,TOBG_SAT-168.fna,0.17641240983091927,592498,1623259,1660800,0.08832513535522163,0.08068593396452226,0.09683114625538482
464,TOBG_SP-243.fna,TOBG_SAT-193.fna,0.17248887458522455,450545,1595988,1338141,0.13901041123607707,0.12674149021622888,0.15724364847533429
465,TOBG_SAT-206.fna,TOBG_SAT-182.fna,0.16449706669269984,655574,1381584,1355491,0.1041736862745623,0.09341248199780565,0.12077329739601335
466,TOBG_SAT-165.fna,TOBG_SAT-164.fna,0.16985926738279547,1089655,1700864,1720552,0.12544361308250526,0.11654517133890539,0.1337986215296834
467,TOBG_SP-344.fna,TOBG_SAT-221.fna,0.03501252072251622,1318614,1437644,1424643,3.490791119499859,2.79465225070305,4.433170457446974
468,TOBG_SP-73.fna,TOBG_SAT-194.fna,0.0006366601592555602,2982753,3401106,3347836,757.3666098702863,482.27592720713915,1121.7393920479722
469,TOBG_SP-4356.fna,TOBG_SAT-228.fna,0.14306068058690963,1030346,1315367,1642008,0.3848675582868758,0.3064371074248689,0.5350797438808789
470,TOBG_SP-3048.fna,TOBG_SAT-35.fna,0.00042694926196097264,3206470,3353924,3640499,43.827677345205764,4.662620906059057,141.1491304583368
471,TOBG_SP-312.fna,TOBG_SAT-40.fna,0.000669595674377517,2904738,3031767,3830489,1506.1613693090871,1019.7167190008,2150.128929889348
472,TOBG_SP-131.fna,TOBG_SAT-28.fna,0.15697408164644233,799202,4238835,4625496,0.08995109087876953,0.07984282906572358,0.10165134014398074
473,TOBG_SP-76.fna,TOBG_SAT-49.fna,0.0006771760861943814,2792479,2996524,3046076,2119.4753012353854,1557.8087351343552,2765.183261668599
474,TOBG_SP-125.fna,TOBG_SAT-42.fna,0.10279496222017659,2269333,3875926,3623736,0.614887478296245,0.49151920730695925,0.7951478307063476
475,TOBG_SP-180.fna,TOBG_SAT-31.fna,0.15769581773477617,1898947,3734379,4069214,0.17605185676023122,0.1406509386740483,0.29980994952956685
476,TOBG_SP-2.fna,TOBG_SAT-6.fna,0.008627144750023507,2648269,3140658,3009097,199.98360647415012,161.1824496582641,286.5350275113384
477,TOBG_SP-159.fna,TOBG_SAT-8.fna,0.15770536054299858,714256,3619350,3640882,0.43717753360028927,0.3631726110862207,0.5370708486904323
478,TOBG_SP-57.fna,TOBG_SAT-8.fna,0.014520868191384546,2744464,2980545,3640882,11.425377259400179,9.711218780733505,13.114996382766561
479,TOBG_SP-126.fna,TOBG_SAT-57.fna,0.14391146879992792,1243042,5385524,4960393,0.16027218413068253,0.11381339728101746,0.5552443391929791
480,TOBG_SP-60.fna,TOBG_SAT-93.fna,0.15395145894895515,585113,3029302,3781349,0.11400319018661143,0.0932088092503383,0.2092741451910849
481,TOBG_SP-3966.fna,TOBG_SP-102.fna,0.11111461203213341,1586884,2268868,2740912,0.06129143322675608,0.05134899565598047,0.0716402097485961
482,TOBG_SP-133.fna,TOBG_SAT-88.fna,0.15653174687488933,847170,4248066,4993883,0.09864860737631526,0.08267117387102599,0.15099969652290596
483,TOBG_SP-245.fna,TOBG_SP-118.fna,0.13993536696661216,453638,4741554,4114651,12.772992437296356,2.99523237740012,38.601024086659685
484,TOBG_SP-145.fna,TOBG_SP-114.fna,0.13386780169593465,2269545,3353936,3632077,0.10772762562672737,0.09779368423071903,0.11989808012034087
485,TOBG_SP-52.fna,TOBG_SP-114.fna,0.08749743337104432,2732183,3645475,3632077,1.1458258810653155,1.0009430536456465,1.3132522268081672
486,TOBG_SP-247.fna,TOBG_SP-149.fna,0.11682866311499063,1725758,3208965,3589936,1.0010025278911678,0.8373790403222121,1.208358262809652
487,TOBG_SP-57.fna,TOBG_SP-159.fna,0.1552944904554262,605894,2980545,3619350,0.49460405327265694,0.4142572010793132,0.6208001318976535
488,TOBG_SP-4154.fna,TOBG_SP-174.fna,0.1540403259872861,388236,1258060,1934809,0.11767608364470417,0.08571358966195859,0.213294457347163
489,TOBG_SP-39.fna,TOBG_SP-249.fna,0.17548575764123023,199019,1261452,1379901,0.08937297663808044,0.07666152745075332,0.10345850011801895
490,TOBG_SP-52.fna,TOBG_SP-145.fna,0.14138046817178232,2245586,3645475,3353936,0.08098758642491502,0.07380431374740404,0.10542048447295489
491,TOBG_SP-267.fna,TOBG_SP-196.fna,0.13192351005244993,1099334,1712152,1860284,2.378318185581538,1.4822728743586768,5.0958997054617186
492,TOBG_SP-93.fna,TOBG_SP-350.fna,0.027353068424139718,2339116,2739896,2653514,39.91451447908183,35.49477973006851,45.111360986981204
493,TOBG_SP-141.fna,TOBG_SP-113.fna,0.14531054032744084,3315286,6149812,6843540,0.09858749170657036,0.07473746035880795,0.14550950747261626
494,TOBG_SP-64.fna,TOBG_SP-32.fna,0.12101330556874033,1044976,3563167,4535791,1.8352428206299627,0.9167696632246213,5.785592204627176
